date,open,high,low,close,dividend
2021-07-26,133.33,134.24,132.3,134.04,0.0
2021-07-27,134.25,134.4,130.1,131.9,0.0
2021-07-28,136.31,138.3,135.28,136.09,0.0
2021-07-29,136.15,136.66,135.54,135.78,0.0
2021-07-30,135.04,135.3,134.26,134.73,0.0
2021-08-02,135.12,135.34,133.79,134.85,0.0
2021-08-03,135.13,135.73,133.32,135.63,0.0
2021-08-04,135.35,135.65,134.49,135.13,0.0
2021-08-05,135.68,136.35,134.85,136.25,0.0
2021-08-06,136.04,136.47,135.21,135.74,0.0
2021-08-09,135.94,137.18,135.34,136.91,0.0
2021-08-10,137.34,137.77,136.36,136.81,0.0
2021-08-11,137.18,137.68,136.27,136.28,0.0
2021-08-12,135.98,137.3,135.43,137.19,0.0
2021-08-13,137.25,137.86,137.03,137.73,0.0
2021-08-16,137.52,138.36,135.3,138.31,0.0
2021-08-17,137.75,138.27,136.08,136.66,0.0
2021-08-18,136.5,137.1,135.32,135.45,0.0
2021-08-19,134.44,136.35,134.25,135.68,0.0
2021-08-20,136.0,137.55,135.25,137.43,0.0
2021-08-23,137.97,140.87,137.61,140.04,0.0
2021-08-24,140.61,142.08,140.34,141.26,0.0
2021-08-25,141.62,142.19,141.38,142.08,0.0
2021-08-26,141.75,142.42,141.36,141.44,0.0
2021-08-27,141.65,144.51,141.5,144.0,0.0
2021-08-30,144.4,145.97,144.16,144.59,0.0
2021-08-31,145.15,145.17,144.28,144.7,0.0
2021-09-01,145.0,146.25,144.88,145.22,0.0
2021-09-02,145.22,145.52,143.18,143.29,0.0
2021-09-03,143.08,144.15,142.4,143.74,0.0
2021-09-07,143.83,144.57,143.62,144.28,0.0
2021-09-08,144.1,144.4,143.0,143.69,0.0
2021-09-09,143.84,144.31,143.18,143.54,0.0
2021-09-10,144.21,144.72,140.74,140.88,0.0
2021-09-13,141.95,142.95,141.25,142.33,0.0
2021-09-14,143.0,143.36,141.75,142.54,0.0
2021-09-15,142.77,144.45,141.35,144.43,0.0
2021-09-16,143.95,144.3,142.4,143.61,0.0
2021-09-17,143.03,143.45,140.47,140.8,0.0
2021-09-20,138.16,139.0,136.32,138.72,0.0
2021-09-21,139.75,140.01,138.28,139.03,0.0
2021-09-22,139.3,140.89,138.55,140.28,0.0
2021-09-23,140.99,141.7,140.4,141.22,0.0
2021-09-24,140.54,142.33,140.24,142.21,0.0
2021-09-27,140.8,141.94,140.07,141.07,0.0
2021-09-28,138.65,139.1,135.36,135.83,0.0
2021-09-29,136.98,137.15,133.87,134.35,0.0
2021-09-30,134.26,135.54,133.56,133.68,0.0
2021-10-01,134.45,136.91,134.07,136.54,0.0
2021-10-04,135.96,135.96,131.05,133.66,0.0
2021-10-05,134.04,137.22,134.04,136.02,0.0
2021-10-06,134.75,137.75,134.55,137.57,0.0
2021-10-07,138.89,140.04,138.65,139.23,0.0
2021-10-08,139.58,140.33,139.22,139.79,0.0
2021-10-11,139.29,140.71,138.86,138.91,0.0
2021-10-12,139.48,139.51,135.76,136.45,0.0
2021-10-13,137.4,138.0,136.52,137.58,0.0
2021-10-14,139.47,141.34,138.82,141.15,0.0
2021-10-15,141.61,141.72,140.76,141.37,0.0
2021-10-18,141.08,142.8,141.07,142.78,0.0
2021-10-19,143.39,143.66,142.6,143.24,0.0
2021-10-20,143.34,143.55,141.38,141.77,0.0
2021-10-21,141.77,142.16,140.5,141.89,0.0
2021-10-22,139.15,140.58,136.06,137.57,0.0
2021-10-25,137.55,138.0,135.42,137.45,0.0
2021-10-26,139.26,140.08,138.3,139.31,0.0
2021-10-27,139.4,148.65,139.4,146.22,0.0
2021-10-28,147.13,147.16,144.63,145.85,0.0
2021-10-29,145.08,148.24,144.65,148.05,0.0
2021-11-01,148.05,148.05,143.23,143.5,0.0
2021-11-02,144.58,146.61,144.34,145.43,0.0
2021-11-03,145.9,146.67,144.59,146.6,0.0
2021-11-04,147.12,149.73,146.31,148.27,0.0
2021-11-05,149.17,150.33,148.2,148.85,0.0
2021-11-08,149.82,150.62,148.43,149.03,0.0
2021-11-09,149.23,149.83,147.24,148.92,0.0
2021-11-10,147.5,148.07,144.54,145.89,0.0
2021-11-11,146.49,147.54,145.6,145.77,0.0
2021-11-12,146.62,148.85,145.41,148.68,0.0
2021-11-15,148.9,149.55,147.57,148.45,0.0
2021-11-16,148.15,148.76,147.31,147.88,0.0
2021-11-17,148.03,148.56,147.24,148.05,0.0
2021-11-18,148.24,150.58,147.88,149.84,0.0
2021-11-19,149.98,150.97,148.9,148.93,0.0
2021-11-22,149.33,149.83,146.15,146.3,0.0
2021-11-23,146.15,146.66,144.12,145.78,0.0
2021-11-24,145.47,146.25,144.37,146.12,0.0
2021-11-26,144.35,144.56,141.84,142.18,0.0
2021-11-29,144.0,146.3,143.89,145.53,0.0
2021-11-30,145.01,146.0,141.6,141.9,0.0
2021-12-01,144.0,145.95,140.91,141.05,0.0
2021-12-02,141.25,143.86,140.21,142.97,0.0
2021-12-03,143.68,144.4,140.3,142.0,0.0
2021-12-06,143.04,143.85,140.15,143.15,0.0
2021-12-07,145.6,147.53,145.23,147.27,0.0
2021-12-08,147.6,148.39,146.41,148.19,0.0
2021-12-09,147.59,149.1,147.12,147.64,0.0
2021-12-10,148.7,148.98,146.7,148.0,0.0
2021-12-13,147.78,147.97,145.52,145.83,0.0
2021-12-14,143.97,144.48,141.21,143.91,0.0
2021-12-15,143.41,146.72,141.68,146.44,0.0
2021-12-16,147.17,147.68,143.61,144.45,0.0
2021-12-17,142.5,143.83,141.3,141.73,0.0
2021-12-20,140.0,141.77,139.32,141.61,0.0
2021-12-21,142.05,143.87,140.5,143.47,0.0
2021-12-22,143.07,146.5,143.07,146.41,0.0
2021-12-23,146.5,148.24,146.45,146.92,0.0
2021-12-27,147.26,148.34,147.17,147.91,0.0
2021-12-28,148.24,148.3,146.05,146.69,0.0
2021-12-29,146.64,147.42,145.65,146.65,0.0
2021-12-30,146.69,147.3,145.99,146.2,0.0
2021-12-31,146.05,146.7,144.85,144.85,0.0
2022-01-03,145.05,145.85,143.71,144.99,0.0
2022-01-04,145.4,146.49,143.72,144.4,0.0
2022-01-05,144.42,144.5,137.69,137.77,0.0
2022-01-06,137.0,139.94,136.56,137.75,0.0
2022-01-07,138.15,138.45,135.77,137.02,0.0
2022-01-10,135.08,138.82,133.16,138.67,0.0
2022-01-11,138.01,140.22,136.69,139.74,0.0
2022-01-12,141.15,142.61,140.69,141.43,0.0
2022-01-13,141.54,142.85,138.41,138.59,0.0
2022-01-14,137.08,140.74,137.0,139.48,0.0
2022-01-18,136.18,137.13,135.44,136.0,0.0
2022-01-19,136.52,137.96,135.02,135.12,0.0
2022-01-20,136.25,137.63,132.96,133.31,0.0
2022-01-21,132.59,134.87,130.09,130.35,0.0
2022-01-24,125.98,131.2,124.5,130.8,0.0
2022-01-25,128.74,129.4,126.5,126.93,0.0
2022-01-26,131.12,133.0,127.14,129.23,0.0
2022-01-27,131.3,132.65,128.93,129.01,0.0
2022-01-28,129.66,133.36,128.49,133.35,0.0
2022-01-31,134.16,135.47,132.21,135.3,0.0
2022-02-01,137.59,137.79,134.37,137.64,0.0
2022-02-02,151.25,151.55,145.52,148.0,0.0
2022-02-03,145.71,149.68,142.67,143.09,0.0
2022-02-04,143.44,144.88,140.51,143.29,0.0
2022-02-07,144.25,144.25,138.9,139.2,0.0
2022-02-08,139.03,140.0,137.01,139.4,0.0
2022-02-09,140.96,142.52,140.19,141.59,0.0
2022-02-10,139.7,141.48,137.96,138.62,0.0
2022-02-11,138.6,139.16,133.4,134.28,0.0
2022-02-14,133.26,136.3,133.26,135.53,0.0
2022-02-15,137.57,138.11,135.82,136.61,0.0
2022-02-16,136.65,138.09,134.92,137.74,0.0
2022-02-17,136.24,137.11,132.48,132.54,0.0
2022-02-18,133.47,134.07,130.2,130.4,0.0
2022-02-22,129.84,132.18,128.22,129.81,0.0
2022-02-23,131.65,132.05,127.53,127.59,0.0
2022-02-24,124.95,133.0,124.95,132.69,0.0
2022-02-25,133.55,135.27,131.75,134.46,0.0
2022-02-28,133.05,135.75,132.59,135.06,0.0
2022-03-01,134.88,136.26,133.22,134.06,0.0
2022-03-02,134.63,135.26,133.07,134.57,0.0
2022-03-03,136.01,136.44,133.03,133.9,0.0
2022-03-04,132.93,133.85,130.34,131.91,0.0
2022-03-07,131.49,131.74,126.29,126.38,0.0
2022-03-08,126.25,131.25,125.67,127.1,0.0
2022-03-09,131.25,133.74,129.9,133.42,0.0
2022-03-10,131.27,133.27,130.91,132.43,0.0
2022-03-11,133.49,133.8,129.63,129.87,0.0
2022-03-14,130.25,130.41,125.28,125.95,0.0
2022-03-15,126.98,129.85,125.72,129.2,0.0
2022-03-16,130.73,133.33,128.73,133.28,0.0
2022-03-17,133.15,134.08,132.18,133.84,0.0
2022-03-18,133.42,136.24,132.26,136.13,0.0
2022-03-21,136.16,137.05,134.09,136.1,0.0
2022-03-22,136.1,141.05,136.1,139.87,0.0
2022-03-23,138.7,139.59,137.84,138.28,0.0
2022-03-24,139.2,141.62,137.75,141.57,0.0
2022-03-25,141.92,142.04,139.74,141.67,0.0
2022-03-28,140.9,142.0,139.81,141.46,0.0
2022-03-29,142.65,143.79,142.04,142.51,0.0
2022-03-30,142.46,142.72,141.6,141.94,0.0
2022-03-31,142.05,142.11,139.02,139.07,0.0
2022-04-01,139.5,140.47,138.31,140.15,0.0
2022-04-04,140.36,143.71,140.31,142.97,0.0
2022-04-05,142.87,142.99,140.38,140.59,0.0
2022-04-06,138.75,139.36,135.52,136.55,0.0
2022-04-07,136.01,137.16,134.23,135.89,0.0
2022-04-08,135.58,135.67,132.97,133.29,0.0
2022-04-11,131.82,132.09,128.67,128.82,0.0
2022-04-12,131.6,131.6,126.79,127.71,0.0
2022-04-13,128.0,130.33,127.74,129.89,0.0
2022-04-14,130.48,130.48,126.6,126.73,0.0
2022-04-18,127.0,128.21,126.18,127.68,0.0
2022-04-19,127.69,130.33,127.0,130.01,0.0
2022-04-20,130.89,131.4,127.5,128.04,0.0
2022-04-21,129.25,130.1,124.53,124.81,0.0
2022-04-22,125.0,125.4,118.93,119.64,0.0
2022-04-25,119.1,123.28,118.51,123.07,0.0
2022-04-26,122.29,122.51,118.51,118.65,0.0
2022-04-27,114.47,117.24,112.74,114.29,0.0
2022-04-28,116.42,119.65,114.11,118.52,0.0
2022-04-29,116.73,117.92,113.81,114.11,0.0
2022-05-02,113.4,116.75,112.6,116.58,0.0
2022-05-03,116.43,118.44,116.03,117.33,0.0
2022-05-04,117.03,122.85,115.12,122.26,0.0
2022-05-05,120.2,121.04,115.01,116.51,0.0
2022-05-06,115.18,117.57,114.02,115.75,0.0
2022-05-09,113.25,115.08,112.0,112.51,0.0
2022-05-10,115.51,116.25,112.9,114.39,0.0
2022-05-11,113.24,116.36,113.24,113.6,0.0
2022-05-12,111.38,114.29,109.82,112.84,0.0
2022-05-13,114.53,117.88,113.61,116.05,0.0
2022-05-16,114.96,116.17,113.89,114.44,0.0
2022-05-17,116.84,116.9,114.87,116.47,0.0
2022-05-18,115.0,115.4,111.56,111.9,0.0
2022-05-19,111.43,113.01,110.0,110.38,0.0
2022-05-20,111.95,112.18,105.8,108.91,0.0
2022-05-23,109.59,112.15,108.74,111.49,0.0
2022-05-24,105.77,106.46,101.88,105.97,0.0
2022-05-25,104.99,106.5,103.86,105.81,0.0
2022-05-26,105.68,108.65,105.22,107.79,0.0
2022-05-27,109.48,112.32,109.14,112.32,0.0
2022-05-31,112.75,115.74,112.08,113.76,0.0
2022-06-01,114.86,117.1,113.25,113.89,0.0
2022-06-02,114.0,117.9,112.95,117.62,0.0
2022-06-03,116.06,116.32,113.52,114.54,0.0
2022-06-06,116.7,119.35,116.16,116.82,0.0
2022-06-07,115.48,117.69,115.05,117.15,0.0
2022-06-08,116.76,118.57,116.6,117.19,0.0
2022-06-09,116.33,118.3,114.78,114.84,0.0
2022-06-10,112.44,113.28,110.37,111.16,0.0
2022-06-13,106.79,108.79,106.12,106.39,0.0
2022-06-14,106.54,107.92,105.8,106.72,0.0
2022-06-15,108.54,111.42,107.67,109.76,0.0
2022-06-16,107.22,108.65,105.14,106.03,0.0
2022-06-17,106.03,108.7,105.05,107.14,0.0
2022-06-21,108.93,112.49,108.6,111.54,0.0
2022-06-22,110.56,113.35,110.38,111.49,0.0
2022-06-23,112.23,112.74,110.5,112.24,0.0
2022-06-24,113.0,118.08,112.95,117.97,0.0
2022-06-27,118.27,118.58,115.18,115.83,0.0
2022-06-28,115.8,117.31,111.85,112.01,0.0
2022-06-29,111.55,113.16,110.87,111.7,0.0
2022-06-30,110.0,110.89,106.75,108.96,0.0
2022-07-01,107.93,109.25,106.73,108.74,0.0
2022-07-05,107.1,113.38,105.73,113.26,0.0
2022-07-06,113.3,115.59,111.48,114.57,0.0
2022-07-07,115.08,119.19,114.83,118.78,0.0
2022-07-08,117.25,119.68,116.9,119.35,0.0
2022-07-11,118.0,118.0,115.33,115.68,0.0
2022-07-12,116.21,116.97,113.69,114.02,0.0
2022-07-13,111.7,114.2,111.2,111.35,0.0
2022-07-14,110.21,111.09,108.37,110.37,0.0
2022-07-15,112.0,113.14,110.9,111.78,0.0
2022-07-18,112.64,113.68,108.37,109.03,0.0
2022-07-19,110.85,114.02,109.56,113.81,0.0
2022-07-20,113.17,115.4,112.48,113.9,0.0
2022-07-21,114.28,114.55,111.11,114.34,0.0
2022-07-22,111.0,112.34,106.5,107.9,0.0
2022-07-25,108.41,109.87,106.3,107.51,0.0
2022-07-26,106.6,107.2,104.07,105.02,0.0
2022-07-27,109.26,113.91,108.01,113.06,0.0
2022-07-28,112.37,114.34,111.46,114.22,0.0
2022-07-29,113.08,116.71,113.06,116.32,0.0
2022-08-01,115.3,116.72,114.34,114.86,0.0
2022-08-02,114.0,116.35,113.72,115.13,0.0
2022-08-03,115.71,118.62,115.48,118.08,0.0
2022-08-04,117.48,118.78,116.89,118.19,0.0
2022-08-05,116.23,118.11,116.0,117.47,0.0
2022-08-08,118.39,120.15,116.88,117.3,0.0
2022-08-09,117.14,117.32,115.71,116.63,0.0
2022-08-10,118.78,120.92,118.41,119.7,0.0
2022-08-11,121.28,121.49,118.56,118.84,0.0
2022-08-12,120.26,121.68,119.46,121.68,0.0
2022-08-15,121.13,122.3,120.61,122.08,0.0
2022-08-16,121.52,122.43,120.64,121.7,0.0
2022-08-17,120.12,121.29,119.38,119.55,0.0
2022-08-18,119.43,120.82,118.72,120.17,0.0
2022-08-19,119.06,119.15,116.76,117.21,0.0
2022-08-22,115.2,115.63,113.85,114.24,0.0
2022-08-23,113.48,115.01,113.43,113.86,0.0
2022-08-24,113.5,114.78,112.87,113.69,0.0
2022-08-25,114.24,116.72,114.11,116.65,0.0
2022-08-26,114.72,115.12,110.19,110.34,0.0
2022-08-29,109.99,110.95,108.8,109.42,0.0
2022-08-30,110.17,110.5,107.8,108.94,0.0
2022-08-31,110.65,110.85,108.13,108.22,0.0
2022-09-01,108.28,110.45,107.36,109.74,0.0
2022-09-02,110.59,110.74,107.26,107.85,0.0
2022-09-06,107.3,108.03,105.78,106.81,0.0
2022-09-07,107.06,109.98,106.9,109.45,0.0
2022-09-08,108.04,109.6,107.16,108.38,0.0
2022-09-09,109.07,110.99,109.02,110.65,0.0
2022-09-12,110.99,111.62,109.93,110.86,0.0
2022-09-13,107.8,108.3,104.09,104.32,0.0
2022-09-14,104.57,105.28,103.66,105.0,0.0
2022-09-15,104.03,105.27,102.35,102.91,0.0
2022-09-16,102.07,103.13,100.94,102.8,0.0
2022-09-19,101.75,103.33,101.55,103.07,0.0
2022-09-20,102.08,102.37,100.52,101.14,0.0
2022-09-21,101.67,102.88,99.27,99.28,0.0
2022-09-22,98.82,101.24,98.79,100.14,0.0
2022-09-23,99.63,99.66,97.47,98.74,0.0
2022-09-26,98.1,99.88,97.8,98.17,0.0
2022-09-27,99.43,100.0,96.87,97.5,0.0
2022-09-28,97.65,100.7,97.11,100.05,0.0
2022-09-29,98.64,98.64,95.96,97.42,0.0
2022-09-30,97.05,98.9,95.56,95.65,0.0
2022-10-03,96.76,99.29,96.52,98.64,0.0
2022-10-04,100.44,101.84,100.38,101.64,0.0
2022-10-05,99.83,101.93,98.8,101.43,0.0
2022-10-06,100.68,102.93,100.59,101.42,0.0
2022-10-07,99.85,100.53,98.3,98.68,0.0
2022-10-10,99.0,99.1,97.01,97.86,0.0
2022-10-11,97.43,99.25,96.31,97.18,0.0
2022-10-12,97.3,98.75,96.74,97.56,0.0
2022-10-13,95.15,99.78,94.38,99.06,0.0
2022-10-14,99.99,100.69,96.37,96.56,0.0
2022-10-17,98.86,100.93,98.83,99.97,0.0
2022-10-18,103.13,103.47,99.97,100.77,0.0
2022-10-19,100.01,101.02,98.92,99.63,0.0
2022-10-20,100.0,102.32,99.39,99.97,0.0
2022-10-21,97.85,101.31,97.72,101.13,0.0
2022-10-24,101.8,102.75,99.98,102.52,0.0
2022-10-25,102.9,104.82,102.72,104.48,0.0
2022-10-26,96.43,98.31,94.69,94.93,0.0
2022-10-27,94.52,95.43,91.8,92.22,0.0
2022-10-28,92.27,96.55,92.13,96.29,0.0
2022-10-31,95.42,96.03,93.98,94.51,0.0
2022-11-01,95.45,96.03,90.37,90.47,0.0
2022-11-02,90.94,91.18,86.88,86.97,0.0
2022-11-03,86.32,86.52,83.34,83.43,0.0
2022-11-04,85.4,86.64,83.71,86.58,0.0
2022-11-07,87.28,88.9,86.85,88.49,0.0
2022-11-08,88.9,90.32,87.59,88.9,0.0
2022-11-09,88.45,89.44,87.28,87.32,0.0
2022-11-10,92.25,94.39,91.61,93.94,0.0
2022-11-11,94.69,96.93,93.92,96.41,0.0
2022-11-14,95.09,96.79,94.51,95.7,0.0
2022-11-15,98.26,100.14,96.71,98.44,0.0
2022-11-16,97.9,99.64,97.64,98.85,0.0
2022-11-17,96.97,99.28,96.79,98.36,0.0
2022-11-18,98.77,98.9,96.37,97.43,0.0
2022-11-21,97.29,98.4,95.36,95.6,0.0
2022-11-22,95.95,97.22,94.05,97.05,0.0
2022-11-23,97.09,98.76,97.09,98.46,0.0
2022-11-25,98.24,98.64,97.4,97.46,0.0
2022-11-28,97.04,97.58,95.61,96.05,0.0
2022-11-29,95.73,96.12,94.11,95.19,0.0
2022-11-30,94.82,101.04,94.42,100.99,0.0
2022-12-01,101.02,102.25,100.25,100.99,0.0
2022-12-02,99.05,100.77,98.9,100.44,0.0
2022-12-05,99.4,101.38,99.0,99.48,0.0
2022-12-06,99.3,99.78,96.42,96.98,0.0
2022-12-07,96.41,96.88,94.72,94.94,0.0
2022-12-08,95.38,95.58,93.45,93.71,0.0
2022-12-09,93.77,94.26,92.75,92.83,0.0
2022-12-12,92.71,93.56,91.61,93.31,0.0
2022-12-13,97.76,99.53,95.03,95.63,0.0
2022-12-14,95.2,96.87,93.6,95.07,0.0
2022-12-15,93.13,93.64,90.01,90.86,0.0
2022-12-16,90.76,91.33,89.52,90.26,0.0
2022-12-19,90.26,90.56,88.21,88.44,0.0
2022-12-20,88.11,89.18,87.44,89.02,0.0
2022-12-21,89.08,90.22,88.32,89.58,0.0
2022-12-22,88.16,88.54,86.32,87.76,0.0
2022-12-23,87.11,89.55,87.07,89.23,0.0
2022-12-27,88.8,88.94,87.01,87.39,0.0
2022-12-28,86.98,88.04,85.94,86.02,0.0
2022-12-29,86.62,88.85,86.61,88.45,0.0
2022-12-30,86.98,88.3,86.57,88.23,0.0
2023-01-03,89.59,91.05,88.52,89.12,0.0
2023-01-04,90.35,90.65,87.27,88.08,0.0
2023-01-05,87.47,87.57,85.9,86.2,0.0
2023-01-06,86.79,87.69,84.86,87.34,0.0
2023-01-09,88.36,90.05,87.86,88.02,0.0
2023-01-10,85.98,88.67,85.83,88.42,0.0
2023-01-11,89.18,91.6,89.01,91.52,0.0
2023-01-12,91.48,91.87,89.75,91.13,0.0
2023-01-13,90.85,92.19,90.13,92.12,0.0
2023-01-17,92.06,92.25,90.05,91.29,0.0
2023-01-18,92.14,92.8,90.64,91.12,0.0
2023-01-19,90.72,93.61,90.63,93.05,0.0
2023-01-20,95.1,98.3,95.02,98.02,0.0
2023-01-23,97.95,100.04,97.5,99.79,0.0
2023-01-24,98.1,99.61,97.2,97.7,0.0
2023-01-25,95.57,96.16,93.76,95.22,0.0
2023-01-26,96.5,97.57,95.38,97.52,0.0
2023-01-27,97.31,100.32,97.31,99.37,0.0
2023-01-30,97.48,98.29,96.4,96.94,0.0
2023-01-31,96.87,98.88,96.82,98.84,0.0
2023-02-01,98.71,101.19,97.58,100.43,0.0
2023-02-02,105.8,107.85,105.61,107.74,0.0
2023-02-03,102.93,107.81,102.58,104.78,0.0
2023-02-06,102.4,104.36,101.88,102.9,0.0
2023-02-07,103.22,108.18,103.12,107.64,0.0
2023-02-08,102.05,103.14,98.04,99.37,0.0
2023-02-09,100.0,100.03,93.63,95.01,0.0
2023-02-10,95.45,96.75,94.25,94.57,0.0
2023-02-13,94.74,95.2,93.84,94.61,0.0
2023-02-14,94.43,94.85,92.26,94.68,0.0
2023-02-15,94.49,97.12,94.15,96.94,0.0
2023-02-16,95.37,97.68,94.74,95.51,0.0
2023-02-17,94.85,95.56,93.21,94.35,0.0
2023-02-21,93.0,93.1,91.72,91.79,0.0
2023-02-22,91.7,92.11,90.61,91.65,0.0
2023-02-23,91.92,91.94,89.76,90.89,0.0
2023-02-24,89.44,89.89,88.58,89.13,0.0
2023-02-27,89.87,90.16,89.34,89.87,0.0
2023-02-28,89.33,91.23,89.32,90.06,0.0
2023-03-01,89.98,91.03,89.67,90.36,0.0
2023-03-02,89.66,92.28,89.59,92.0,0.0
2023-03-03,92.48,93.73,92.45,93.65,0.0
2023-03-06,94.02,95.97,94.0,95.13,0.0
2023-03-07,94.98,95.67,93.53,93.86,0.0
2023-03-08,94.12,95.96,94.0,94.25,0.0
2023-03-09,94.05,95.53,91.9,92.32,0.0
2023-03-10,92.17,92.79,90.4,90.63,0.0
2023-03-13,90.09,92.57,89.42,91.11,0.0
2023-03-14,92.56,94.36,92.44,93.97,0.0
2023-03-15,93.22,96.93,92.64,96.11,0.0
2023-03-16,96.2,101.19,95.5,100.32,0.0
2023-03-17,100.26,102.84,100.1,101.62,0.0
2023-03-20,100.12,101.75,99.87,101.22,0.0
2023-03-21,101.25,105.1,101.22,104.92,0.0
2023-03-22,104.27,106.59,103.33,103.37,0.0
2023-03-23,105.06,106.3,104.46,105.6,0.0
2023-03-24,104.99,105.49,103.84,105.44,0.0
2023-03-27,104.62,104.76,101.93,102.46,0.0
2023-03-28,102.44,102.45,99.74,101.03,0.0
2023-03-29,102.28,102.49,100.65,101.39,0.0
2023-03-30,100.91,101.16,99.78,100.89,0.0
2023-03-31,101.3,103.89,101.04,103.73,0.0
2023-04-03,102.39,104.53,101.93,104.36,0.0
2023-04-04,104.33,105.58,104.04,104.72,0.0
2023-04-05,105.78,106.1,103.66,104.47,0.0
2023-04-06,105.26,109.17,104.33,108.42,0.0
2023-04-10,106.98,107.59,105.12,106.44,0.0
2023-04-11,106.55,106.73,104.68,105.35,0.0
2023-04-12,106.58,106.75,104.34,104.64,0.0
2023-04-13,105.84,107.49,105.84,107.43,0.0
2023-04-14,106.89,108.94,106.84,108.87,0.0
2023-04-17,104.66,106.16,104.52,105.97,0.0
2023-04-18,106.49,106.54,104.07,104.5,0.0
2023-04-19,103.58,104.98,103.07,104.18,0.0
2023-04-20,103.91,106.25,103.87,105.29,0.0
2023-04-21,105.47,106.0,104.78,105.41,0.0
2023-04-24,105.49,106.63,104.7,105.97,0.0
2023-04-25,105.83,106.69,103.84,103.85,0.0
2023-04-26,104.92,106.35,102.63,103.71,0.0
2023-04-27,104.45,108.37,103.54,107.59,0.0
2023-04-28,107.04,107.35,105.09,107.34,0.0
2023-05-01,106.84,107.99,106.82,107.2,0.0
2023-05-02,107.14,107.2,103.71,105.32,0.0
2023-05-03,105.53,107.49,104.96,105.41,0.0
2023-05-04,105.49,105.6,103.97,104.69,0.0
2023-05-05,104.82,105.88,104.11,105.57,0.0
2023-05-08,105.18,107.96,105.16,107.77,0.0
2023-05-09,108.39,110.15,107.19,107.35,0.0
2023-05-10,107.97,112.94,107.93,111.75,0.0
2023-05-11,115.4,117.92,114.41,116.57,0.0
2023-05-12,116.68,118.03,116.11,117.51,0.0
2023-05-15,116.11,118.48,116.01,116.51,0.0
2023-05-16,116.49,120.75,116.43,119.51,0.0
2023-05-17,119.61,121.67,118.89,120.84,0.0
2023-05-18,120.95,123.31,120.83,122.83,0.0
2023-05-19,123.55,125.97,122.15,122.76,0.0
2023-05-22,122.94,126.43,122.74,125.05,0.0
2023-05-23,124.16,124.63,122.21,122.56,0.0
2023-05-24,121.12,121.91,119.86,120.9,0.0
2023-05-25,124.52,125.32,121.96,123.48,0.0
2023-05-26,123.17,125.26,122.45,124.61,0.0
2023-05-30,125.64,125.66,122.0,123.67,0.0
2023-05-31,122.75,124.06,122.5,122.87,0.0
2023-06-01,122.82,124.42,122.62,123.72,0.0
2023-06-02,123.99,126.15,123.76,124.67,0.0
2023-06-05,124.01,127.43,123.84,126.01,0.0
2023-06-06,126.01,128.29,125.36,127.31,0.0
2023-06-07,126.97,129.04,122.12,122.5,0.0
2023-06-08,122.23,123.23,121.24,122.14,0.0
2023-06-09,122.25,123.76,121.91,122.23,0.0
2023-06-12,122.79,124.05,121.66,123.64,0.0
2023-06-13,124.98,125.16,123.18,123.83,0.0
2023-06-14,123.1,124.05,121.45,123.67,0.0
2023-06-15,123.14,125.46,122.4,125.09,0.0
2023-06-16,125.93,126.11,123.28,123.53,0.0
2023-06-20,122.93,124.57,122.14,123.1,0.0
2023-06-21,122.4,122.66,120.1,120.55,0.0
2023-06-22,120.0,123.24,118.83,123.15,0.0
2023-06-23,121.38,122.79,121.06,122.34,0.0
2023-06-26,120.76,122.0,118.27,118.34,0.0
2023-06-27,117.08,119.08,116.1,118.33,0.0
2023-06-28,117.09,120.39,116.85,120.18,0.0
2023-06-29,119.24,120.06,118.3,119.1,0.0
2023-06-30,120.17,121.08,119.69,119.7,0.0
2023-07-03,119.24,120.19,118.82,119.9,0.0
2023-07-05,119.24,122.61,119.23,121.75,0.0
2023-07-06,119.8,120.3,118.4,120.11,0.0
2023-07-07,120.1,121.05,119.4,119.48,0.0
2023-07-10,118.3,118.31,116.14,116.45,0.0
2023-07-11,116.29,117.71,115.35,117.14,0.0
2023-07-12,118.8,120.33,118.41,118.93,0.0
2023-07-13,120.93,124.83,120.45,124.54,0.0
2023-07-14,124.8,126.78,123.49,125.42,0.0
2023-07-17,125.94,127.1,124.2,124.65,0.0
2023-07-18,124.6,124.68,122.96,123.76,0.0
2023-07-19,124.6,125.18,121.8,122.03,0.0
2023-07-20,121.42,124.09,118.22,119.2,0.0
2023-07-21,120.62,120.99,118.73,120.02,0.0
2023-07-24,121.66,123.0,120.98,121.53,0.0
2023-07-25,121.36,123.15,121.02,122.21,0.0
2023-07-26,130.07,130.98,128.32,129.27,0.0
2023-07-27,131.67,133.24,128.79,129.4,0.0
2023-07-28,130.78,133.74,130.57,132.58,0.0
2023-07-31,132.73,133.53,131.78,132.72,0.0
2023-08-01,130.78,132.63,130.68,131.55,0.0
2023-08-02,129.45,130.09,127.56,128.38,0.0
2023-08-03,127.97,129.39,127.42,128.45,0.0
2023-08-04,129.28,131.51,127.91,128.11,0.0
2023-08-07,129.16,131.61,129.02,131.53,0.0
2023-08-08,130.62,131.51,129.54,131.4,0.0
2023-08-09,131.66,132.04,129.0,129.66,0.0
2023-08-10,131.32,132.05,129.45,129.69,0.0
2023-08-11,128.66,129.93,128.17,129.56,0.0
2023-08-14,129.39,131.37,128.96,131.33,0.0
2023-08-15,131.1,131.42,129.28,129.78,0.0
2023-08-16,128.7,130.28,127.87,128.7,0.0
2023-08-17,129.8,131.99,129.29,129.92,0.0
2023-08-18,128.51,129.25,126.38,127.46,0.0
2023-08-21,127.18,128.73,126.56,128.37,0.0
2023-08-22,128.51,130.28,128.32,129.08,0.0
2023-08-23,130.18,133.41,129.87,132.37,0.0
2023-08-24,133.95,134.25,129.57,129.78,0.0
2023-08-25,129.54,130.76,127.25,129.88,0.0
2023-08-28,131.31,132.54,130.14,131.01,0.0
2023-08-29,132.24,136.57,132.24,134.57,0.0
2023-08-30,134.78,136.28,134.07,135.88,0.0
2023-08-31,136.01,138.0,135.79,136.17,0.0
2023-09-01,137.46,137.46,134.85,135.66,0.0
2023-09-05,135.44,136.42,134.58,135.77,0.0
2023-09-06,136.02,136.53,133.67,134.46,0.0
2023-09-07,133.59,135.58,132.95,135.26,0.0
2023-09-08,134.91,136.66,134.85,136.38,0.0
2023-09-11,136.54,137.48,135.79,136.92,0.0
2023-09-12,136.26,136.87,135.19,135.34,0.0
2023-09-13,135.09,136.9,134.15,136.71,0.0
2023-09-14,137.6,138.7,136.24,138.1,0.0
2023-09-15,137.98,138.52,136.48,137.4,0.0
2023-09-18,136.61,139.16,136.61,138.21,0.0
2023-09-19,137.42,138.41,136.62,138.04,0.0
2023-09-20,138.08,138.08,133.62,133.74,0.0
2023-09-21,131.44,132.23,130.07,130.44,0.0
2023-09-22,130.76,132.03,129.6,130.25,0.0
2023-09-25,129.83,131.17,128.96,131.11,0.0
2023-09-26,129.77,130.36,127.22,128.57,0.0
2023-09-27,128.57,130.9,128.57,130.54,0.0
2023-09-28,129.84,133.3,129.79,132.31,0.0
2023-09-29,133.28,134.05,130.36,130.86,0.0
2023-10-02,131.21,134.42,131.17,134.17,0.0
2023-10-03,133.94,134.26,131.84,132.43,0.0
2023-10-04,132.79,135.57,132.53,135.24,0.0
2023-10-05,135.07,135.49,133.45,135.07,0.0
2023-10-06,134.01,138.16,134.01,137.58,0.0
2023-10-09,136.94,138.94,135.61,138.42,0.0
2023-10-10,138.5,139.72,137.33,138.06,0.0
2023-10-11,138.58,141.11,138.58,140.55,0.0
2023-10-12,141.05,141.22,138.26,138.97,0.0
2023-10-13,139.38,140.0,136.62,137.36,0.0
2023-10-16,138.17,139.63,137.99,139.1,0.0
2023-10-17,138.63,139.9,137.18,139.72,0.0
2023-10-18,139.45,140.72,137.38,137.96,0.0
2023-10-19,138.5,139.66,137.38,137.75,0.0
2023-10-20,137.33,137.87,135.08,135.6,0.0
2023-10-23,135.04,137.66,133.95,136.5,0.0
2023-10-24,137.83,139.36,137.42,138.81,0.0
2023-10-25,128.16,128.31,125.07,125.61,0.0
2023-10-26,123.27,124.33,121.27,122.28,0.0
2023-10-27,122.88,123.31,120.21,122.17,0.0
2023-10-30,123.21,125.4,122.75,124.46,0.0
2023-10-31,125.06,125.37,122.69,124.08,0.0
2023-11-01,124.07,126.49,123.72,126.45,0.0
2023-11-02,128.42,128.98,126.93,127.49,0.0
2023-11-03,128.02,129.53,127.86,129.1,0.0
2023-11-06,129.05,130.34,128.67,130.25,0.0
2023-11-07,130.71,131.91,129.88,130.97,0.0
2023-11-08,130.97,132.21,130.78,131.84,0.0
2023-11-09,131.96,132.55,130.07,130.24,0.0
2023-11-10,130.1,132.8,129.41,132.59,0.0
2023-11-13,131.78,132.59,131.25,132.09,0.0
2023-11-14,134.19,135.7,133.32,133.62,0.0
2023-11-15,134.87,135.03,133.57,134.62,0.0
2023-11-16,135.19,137.22,134.32,136.93,0.0
2023-11-17,136.0,136.06,133.65,135.31,0.0
2023-11-20,133.69,136.66,133.62,136.25,0.0
2023-11-21,136.29,137.18,135.96,136.97,0.0
2023-11-22,137.47,139.42,137.47,138.49,0.0
2023-11-24,138.03,138.13,135.99,136.69,0.0
2023-11-27,136.03,138.42,136.0,136.41,0.0
2023-11-28,136.08,137.25,135.42,137.2,0.0
2023-11-29,137.57,138.29,134.84,134.99,0.0
2023-11-30,135.05,135.55,131.28,132.53,0.0
2023-12-01,131.86,132.11,130.67,131.86,0.0
2023-12-04,129.88,130.03,127.9,129.27,0.0
2023-12-05,128.95,132.14,128.25,130.99,0.0
2023-12-06,131.44,131.84,129.88,130.02,0.0
2023-12-07,135.04,138.56,134.7,136.93,0.0
2023-12-08,134.2,136.4,134.03,134.99,0.0
2023-12-11,132.38,133.34,131.36,133.29,0.0
2023-12-12,131.81,133.0,131.26,132.52,0.0
2023-12-13,133.38,133.5,131.57,132.57,0.0
2023-12-14,133.38,133.72,129.69,131.94,0.0
2023-12-15,131.62,133.51,131.18,132.6,0.0
2023-12-18,132.63,137.15,132.43,135.8,0.0
2023-12-19,136.84,137.47,136.08,136.65,0.0
2023-12-20,138.97,141.7,138.07,138.34,0.0
2023-12-21,139.49,140.69,139.18,140.42,0.0
2023-12-22,140.77,141.99,140.71,141.49,0.0
2023-12-26,141.59,142.68,141.19,141.52,0.0
2023-12-27,141.59,142.08,139.89,140.37,0.0
2023-12-28,140.78,141.14,139.75,140.23,0.0
2023-12-29,139.63,140.36,138.78,139.69,0.0
2024-01-02,138.55,139.45,136.48,138.17,0.0
2024-01-03,137.25,139.63,137.08,138.92,0.0
2024-01-04,138.42,139.16,136.35,136.39,0.0
2024-01-05,136.75,137.16,135.15,135.73,0.0
2024-01-08,136.29,139.01,136.26,138.84,0.0
2024-01-09,138.5,141.49,138.15,140.95,0.0
2024-01-10,141.0,143.0,140.91,142.28,0.0
2024-01-11,143.49,145.22,140.64,142.08,0.0
2024-01-12,142.67,143.2,141.82,142.65,0.0
2024-01-16,142.0,144.35,141.45,142.49,0.0
2024-01-17,141.35,141.84,138.9,141.47,0.0
2024-01-18,142.05,144.21,141.99,143.48,0.0
2024-01-19,144.74,146.45,144.38,146.38,0.0
2024-01-22,147.1,148.39,145.84,145.99,0.0
2024-01-23,145.89,147.18,145.5,147.04,0.0
2024-01-24,148.54,149.85,148.1,148.7,0.0
2024-01-25,150.07,153.05,149.54,151.87,0.0
2024-01-26,151.1,152.54,151.01,152.19,0.0
2024-01-29,152.06,153.78,151.43,153.51,0.0
2024-01-30,152.8,153.62,151.19,151.46,0.0
2024-01-31,143.62,144.0,139.87,140.1,0.0
2024-02-01,142.12,143.06,140.79,141.16,0.0
2024-02-02,139.26,142.62,136.5,142.38,0.0
2024-02-05,142.82,145.47,142.78,143.68,0.0
2024-02-06,144.65,145.36,143.19,144.1,0.0
2024-02-07,144.76,145.62,143.93,145.54,0.0
2024-02-08,145.83,146.33,145.1,145.91,0.0
2024-02-09,146.68,149.44,146.18,149.0,0.0
2024-02-12,148.42,149.34,147.37,147.53,0.0
2024-02-13,144.92,146.67,143.69,145.14,0.0
2024-02-14,146.08,146.52,144.09,145.94,0.0
2024-02-15,143.14,143.52,140.46,142.77,0.0
2024-02-16,142.99,143.19,140.14,140.52,0.0
2024-02-20,139.66,142.08,139.49,141.12,0.0
2024-02-21,141.45,142.69,140.68,142.55,0.0
2024-02-22,144.93,145.0,142.8,144.09,0.0
2024-02-23,143.67,144.68,143.43,143.96,0.0
2024-02-26,142.14,142.44,137.39,137.57,0.0
2024-02-27,138.02,139.25,137.09,138.88,0.0
2024-02-28,137.9,138.01,135.41,136.38,0.0
2024-02-29,137.28,138.86,136.4,138.46,0.0
2024-03-01,138.43,138.87,136.92,137.14,0.0
2024-03-04,135.66,135.66,131.91,133.35,0.0
2024-03-05,131.88,133.24,130.67,132.67,0.0
2024-03-06,133.12,133.58,130.85,131.4,0.0
2024-03-07,132.79,134.94,131.61,134.38,0.0
2024-03-08,134.21,138.09,134.0,135.41,0.0
2024-03-11,136.13,139.1,136.13,137.67,0.0
2024-03-12,137.03,139.38,137.03,138.5,0.0
2024-03-13,139.0,141.09,138.99,139.79,0.0
2024-03-14,141.19,143.59,140.46,143.1,0.0
2024-03-15,142.5,143.18,140.03,141.18,0.0
2024-03-18,148.61,152.15,147.17,147.68,0.0
2024-03-19,148.16,148.79,146.08,147.03,0.0
2024-03-20,148.0,148.86,146.74,148.74,0.0
2024-03-21,149.47,150.37,146.9,147.6,0.0
2024-03-22,149.12,151.58,148.98,150.77,0.0
2024-03-25,149.94,150.38,147.82,150.07,0.0
2024-03-26,150.22,152.26,149.98,150.67,0.0
2024-03-27,151.18,151.64,148.9,150.87,0.0
2024-03-28,150.85,151.43,150.17,150.93,0.0
2024-04-01,150.69,155.74,150.61,155.49,0.0
2024-04-02,153.5,154.7,152.15,154.56,0.0
2024-04-03,153.6,155.08,152.73,154.92,0.0
2024-04-04,153.5,154.77,150.45,150.53,0.0
2024-04-05,150.03,153.42,149.6,152.5,0.0
2024-04-08,152.78,155.27,152.61,154.85,0.0
2024-04-09,156.09,158.56,155.19,156.6,0.0
2024-04-10,156.21,156.61,154.68,156.14,0.0
2024-04-11,156.91,159.68,156.46,159.41,0.0
2024-04-12,157.96,160.22,157.14,157.73,0.0
2024-04-15,158.86,159.24,154.59,154.86,0.0
2024-04-16,154.19,155.65,153.43,154.4,0.0
2024-04-17,155.62,157.08,154.58,155.47,0.0
2024-04-18,155.34,156.94,154.62,156.01,0.0
2024-04-19,156.2,156.36,152.3,154.09,0.0
2024-04-22,154.31,157.64,154.06,156.28,0.0
2024-04-23,156.96,158.97,156.28,158.26,0.0
2024-04-24,157.49,159.57,157.17,159.13,0.0
2024-04-25,151.33,156.49,150.87,156.0,0.0
2024-04-26,174.37,174.71,169.65,171.95,0.0
2024-04-29,169.06,169.55,165.21,166.15,0.0
2024-04-30,165.61,168.1,162.6,162.78,0.0
2024-05-01,164.3,167.12,163.09,163.86,0.0
2024-05-02,164.79,166.73,163.89,166.62,0.0
2024-05-03,167.56,167.96,163.05,167.24,0.0
2024-05-06,167.46,168.14,166.03,168.1,0.0
2024-05-07,168.5,171.76,168.39,171.25,0.0
2024-05-08,169.0,170.15,168.74,169.38,0.0
2024-05-09,169.39,170.69,168.18,169.96,0.0
2024-05-10,168.03,169.85,166.19,168.65,0.0
2024-05-13,164.26,169.28,164.0,169.14,0.0
2024-05-14,169.77,171.25,168.8,170.34,0.0
2024-05-15,170.63,172.65,170.51,172.51,0.0
2024-05-16,173.29,175.12,172.69,174.18,0.0
2024-05-17,174.18,176.27,173.69,176.06,0.0
2024-05-20,176.19,178.77,176.08,176.92,0.0
2024-05-21,176.9,178.15,175.81,177.85,0.0
2024-05-22,176.64,177.15,175.21,176.38,0.0
2024-05-23,177.07,178.25,172.95,173.55,0.0
2024-05-24,174.98,175.77,173.65,174.99,0.0
2024-05-28,174.45,177.27,174.37,176.4,0.0
2024-05-29,175.43,176.84,174.72,175.9,0.0
2024-05-30,175.2,175.22,171.79,172.11,0.0
2024-05-31,171.86,173.06,169.44,172.5,0.0
2024-06-03,172.54,174.53,171.16,173.17,0.0
2024-06-04,173.28,173.85,171.89,173.79,0.0
2024-06-05,175.2,176.65,173.93,175.41,0.0
2024-06-06,175.9,177.15,175.75,176.73,0.0
2024-06-07,177.05,177.87,174.3,174.46,0.0
2024-06-10,174.97,177.06,172.76,175.01,0.2000
2024-06-11,176.22,176.84,173.77,176.62,0.0
2024-06-12,178.25,180.41,176.11,177.79,0.0
2024-06-13,176.11,176.74,174.88,175.16,0.0
2024-06-14,174.22,177.06,174.15,176.79,0.0
2024-06-17,175.46,178.36,174.81,177.24,0.0
2024-06-18,177.14,177.39,174.1,175.09,0.0
2024-06-20,175.37,177.29,174.99,176.3,0.0
2024-06-21,177.0,180.85,176.61,179.63,0.0
2024-06-24,180.16,180.89,178.67,179.22,0.0
2024-06-25,179.62,184.29,179.42,184.03,0.0
2024-06-26,182.63,184.51,182.48,183.88,0.0
2024-06-27,184.18,186.05,184.02,185.41,0.0
2024-06-28,184.32,185.13,181.96,182.15,0.0
2024-07-01,183.03,183.88,181.3,182.99,0.0
2024-07-02,182.05,185.57,181.56,185.24,0.0
2024-07-03,184.85,186.09,184.0,185.82,0.0
2024-07-05,185.86,190.86,185.8,190.6,0.0
2024-07-08,189.9,190.17,187.78,189.03,0.0
2024-07-09,190.31,191.36,188.72,188.98,0.0
2024-07-10,189.15,191.75,189.03,191.18,0.0
2024-07-11,189.85,190.86,185.08,185.57,0.0
2024-07-12,185.08,187.11,184.49,185.07,0.0
2024-07-15,184.92,188.24,184.92,186.53,0.0
2024-07-16,187.36,188.68,183.37,183.92,0.0
2024-07-17,182.97,183.55,179.9,181.02,0.0
2024-07-18,181.93,182.5,176.47,177.69,0.0
2024-07-19,178.88,180.29,177.13,177.66,0.0
2024-07-22,180.59,182.7,180.23,181.67,0.0
2024-07-23,182.05,183.61,181.54,181.79,0.0
2024-07-24,173.6,176.19,171.82,172.63,0.0
2024-07-25,172.52,173.42,167.19,167.28,0.0
2024-07-26,167.15,168.09,164.06,167.0,0.0
2024-07-29,168.83,170.43,167.99,169.53,0.0
2024-07-30,170.24,171.23,168.44,170.29,0.0
2024-07-31,173.24,174.25,170.01,171.54,0.0
2024-08-01,170.25,174.05,168.88,170.76,0.0
2024-08-02,166.44,168.51,164.67,166.66,0.0
2024-08-05,155.5,164.43,154.93,159.25,0.0
2024-08-06,159.33,160.57,156.41,158.29,0.0
2024-08-07,161.25,162.98,158.47,158.94,0.0
2024-08-08,160.51,163.69,160.21,162.03,0.0
2024-08-09,160.01,163.79,159.06,163.67,0.0
2024-08-12,164.35,164.9,161.84,162.29,0.0
2024-08-13,163.41,164.73,162.97,164.16,0.0
2024-08-14,162.4,163.22,157.71,160.37,0.0
2024-08-15,160.5,161.64,159.61,161.3,0.0
2024-08-16,161.47,165.06,161.13,162.96,0.0
2024-08-19,165.28,166.69,164.26,166.67,0.0
2024-08-20,166.9,168.64,166.82,167.18,0.0
2024-08-21,165.15,166.85,164.67,165.85,0.0
2024-08-22,167.26,167.59,163.31,163.8,0.0
2024-08-23,164.72,166.18,163.83,165.62,0.0
2024-08-26,166.38,167.55,164.46,166.16,0.0
2024-08-27,165.84,166.44,164.46,164.68,0.0
2024-08-28,165.04,165.6,161.53,162.85,0.0
2024-08-29,164.31,165.97,160.25,161.78,0.0
2024-08-30,162.62,163.66,161.69,163.38,0.0
2024-09-03,161.72,161.85,156.48,157.36,0.0
2024-09-04,156.66,159.0,155.96,156.45,0.0
2024-09-05,156.3,159.45,155.98,157.24,0.0
2024-09-06,157.3,157.83,150.55,150.92,0.0
2024-09-09,152.51,153.4,147.22,148.71,0.2000
2024-09-10,150.45,151.27,148.34,148.66,0.0
2024-09-11,149.92,151.5,147.52,151.16,0.0
2024-09-12,153.8,154.82,152.65,154.69,0.0
2024-09-13,155.43,158.38,155.21,157.46,0.0
2024-09-16,157.31,158.25,156.6,158.06,0.0
2024-09-17,159.02,160.55,158.38,159.32,0.0
2024-09-18,159.86,160.5,158.6,159.81,0.0
2024-09-19,163.71,163.79,161.34,162.14,0.0
2024-09-20,163.5,163.73,162.06,163.59,0.0
2024-09-23,164.35,165.49,161.67,161.85,0.0
2024-09-24,163.03,163.22,160.69,162.29,0.0
2024-09-25,161.47,162.81,161.3,161.49,0.0
2024-09-26,163.64,164.08,162.28,162.73,0.0
2024-09-27,162.81,165.7,162.63,163.95,0.0
2024-09-30,163.32,166.15,163.26,165.85,0.0
2024-10-01,167.69,169.16,164.58,166.99,0.0
2024-10-02,166.42,167.52,164.73,165.86,0.0
2024-10-03,164.41,166.64,163.92,165.86,0.0
2024-10-04,168.06,168.23,165.48,167.06,0.0
2024-10-07,167.72,168.48,162.75,162.98,0.0
2024-10-08,163.94,164.73,162.87,164.38,0.0
2024-10-09,163.45,164.84,159.74,161.86,0.0
2024-10-10,160.87,163.07,160.4,162.08,0.0
2024-10-11,162.13,163.9,161.24,163.24,0.0
2024-10-14,163.64,166.23,163.4,164.96,0.0
2024-10-15,165.79,167.68,164.63,165.46,0.0
2024-10-16,164.53,165.8,163.74,165.16,0.0
2024-10-17,165.73,166.37,162.76,162.93,0.0
2024-10-18,163.19,164.71,163.08,163.42,0.0
2024-10-21,162.95,164.5,162.62,164.07,0.0
2024-10-22,162.98,165.77,162.98,165.14,0.0
2024-10-23,164.76,165.82,161.93,162.78,0.0
2024-10-24,162.83,163.33,161.01,162.72,0.0
2024-10-25,163.67,165.59,163.42,165.27,0.0
2024-10-28,168.75,168.75,163.95,166.72,0.0
2024-10-29,167.73,170.38,167.09,169.68,0.0
2024-10-30,180.68,182.02,174.06,174.46,0.0
2024-10-31,173.13,176.82,171.0,171.11,0.0
2024-11-01,170.07,172.32,168.88,171.29,0.0
2024-11-04,169.93,170.73,168.01,169.24,0.0
2024-11-05,169.43,170.53,168.84,169.74,0.0
2024-11-06,173.8,176.94,173.5,176.51,0.0
2024-11-07,177.41,181.08,177.19,180.75,0.0
2024-11-08,180.65,180.9,178.08,178.35,0.0
2024-11-11,178.58,180.55,178.47,180.35,0.0
2024-11-12,179.82,182.49,179.39,181.62,0.0
2024-11-13,180.46,180.96,178.54,178.88,0.0
2024-11-14,178.28,178.82,174.32,175.58,0.0
2024-11-15,173.73,174.14,171.22,172.49,0.0
2024-11-18,173.42,175.44,172.9,175.3,0.0
2024-11-19,173.72,178.87,173.56,178.12,0.0
2024-11-20,177.34,177.68,173.78,175.98,0.0
2024-11-21,173.9,174.13,163.7,167.63,0.0
2024-11-22,165.85,166.46,163.9,164.76,0.0
2024-11-25,166.09,168.63,165.61,167.65,0.0
2024-11-26,167.63,169.82,167.58,169.12,0.0
2024-11-27,169.0,169.48,168.02,169.23,0.0
2024-11-29,168.5,169.43,167.16,168.95,0.0
2024-12-02,168.77,172.08,168.57,171.49,0.0
2024-12-03,171.49,172.68,170.85,171.34,0.0
2024-12-04,171.15,174.91,171.06,174.37,0.0
2024-12-05,175.36,176.06,172.33,172.64,0.0
2024-12-06,172.03,175.08,171.86,174.71,0.0
2024-12-09,173.96,176.26,173.65,175.37,0.2000
2024-12-10,182.85,186.36,181.05,185.17,0.0
2024-12-11,185.31,195.61,184.85,195.4,0.0
2024-12-12,195.0,195.18,191.71,191.96,0.0
2024-12-13,191.01,192.73,189.64,189.82,0.0
2024-12-16,192.87,199.0,192.62,196.66,0.0
2024-12-17,197.25,201.42,194.98,195.42,0.0
2024-12-18,195.22,197.0,187.74,188.4,0.0
2024-12-19,191.63,193.03,188.38,188.51,0.0
2024-12-20,185.78,192.89,185.22,191.41,0.0
2024-12-23,192.62,195.1,190.15,194.63,0.0
2024-12-24,194.84,196.11,193.78,196.11,0.0
2024-12-26,195.15,196.75,194.38,195.6,0.0
2024-12-27,194.95,195.32,190.65,192.76,0.0
2024-12-30,189.8,192.55,189.12,191.24,0.0
2024-12-31,191.08,191.96,188.51,189.3,0.0
2025-01-02,190.65,192.0,187.5,189.43,0.0
2025-01-03,191.37,193.21,189.98,191.79,0.0
2025-01-06,193.98,198.22,193.85,196.87,0.0
2025-01-07,197.11,201.0,194.6,195.49,0.0
2025-01-08,192.57,196.29,192.38,193.95,0.0
2025-01-10,194.3,196.52,190.31,192.04,0.0
2025-01-13,190.07,191.18,187.36,191.01,0.0
2025-01-14,191.24,191.98,188.31,189.66,0.0
2025-01-15,193.09,196.36,191.86,195.55,0.0
2025-01-16,194.14,195.48,192.81,192.91,0.0
2025-01-17,196.53,197.23,193.75,196.0,0.0
2025-01-21,199.07,202.29,197.87,198.05,0.0
2025-01-22,199.06,200.48,197.53,198.37,0.0
2025-01-23,198.14,200.3,195.2,197.98,0.0
2025-01-24,198.1,200.9,198.0,200.21,0.0
2025-01-27,192.41,196.88,190.73,191.81,0.0
2025-01-28,192.75,195.48,190.68,195.3,0.0
2025-01-29,195.56,196.79,193.43,195.41,0.0
2025-01-30,198.0,201.4,197.67,200.87,0.0
2025-01-31,202.0,205.48,201.8,204.02,0.0
2025-02-03,200.69,203.75,200.1,201.23,0.0
2025-02-04,203.39,207.05,202.81,206.38,0.0
2025-02-05,191.07,192.75,188.03,191.33,0.0
2025-02-06,189.5,192.1,188.72,191.6,0.0
2025-02-07,191.05,191.18,183.24,185.34,0.0
2025-02-10,187.35,188.2,185.86,186.47,0.0
2025-02-11,185.03,186.94,184.28,185.32,0.0
2025-02-12,183.22,185.11,181.83,183.61,0.0
2025-02-13,184.32,186.28,183.14,186.14,0.0
2025-02-14,185.06,186.4,184.32,185.23,0.0
2025-02-18,185.6,185.96,181.74,183.77,0.0
2025-02-19,184.07,185.46,183.59,185.27,0.0
2025-02-20,184.8,185.31,182.72,184.56,0.0
2025-02-21,185.15,185.34,179.08,179.66,0.0
2025-02-24,181.99,183.12,178.89,179.25,0.0
2025-02-25,178.04,178.74,174.69,175.42,0.0
2025-02-26,175.07,176.08,171.58,172.73,0.0
2025-02-27,173.99,174.56,167.94,168.5,0.0
2025-02-28,168.68,170.61,166.77,170.28,0.0
2025-03-03,171.93,173.37,165.93,167.01,0.0
2025-03-04,166.24,173.29,165.8,170.92,0.0
2025-03-05,170.52,173.78,169.06,173.02,0.0
2025-03-06,170.53,174.81,170.5,172.35,0.0
2025-03-07,171.26,174.97,170.27,173.86,0.0
2025-03-10,168.26,168.46,163.69,165.87,0.2000
2025-03-11,164.91,166.75,161.37,164.04,0.0
2025-03-12,166.58,167.64,163.53,167.11,0.0
2025-03-13,166.04,166.13,162.11,162.76,0.0
2025-03-14,163.27,166.49,162.45,165.49,0.0
2025-03-17,165.03,166.3,163.67,164.29,0.0
2025-03-18,163.68,164.25,156.72,160.67,0.0
2025-03-19,161.76,165.87,161.0,163.89,0.0
2025-03-20,161.57,164.89,160.96,162.8,0.0
2025-03-21,161.21,164.24,160.89,163.99,0.0
2025-03-24,167.07,168.32,165.14,167.68,0.0
2025-03-25,168.98,170.63,168.32,170.56,0.0
2025-03-26,169.0,169.61,164.84,165.06,0.0
2025-03-27,164.63,165.42,162.0,162.24,0.0
2025-03-28,160.49,161.82,153.63,154.33,0.0
2025-03-31,153.11,155.54,150.66,154.64,0.0
2025-04-01,153.62,158.1,153.62,157.07,0.0
2025-04-02,155.15,158.41,154.7,157.04,0.0
2025-04-03,151.11,152.78,150.39,150.72,0.0
2025-04-04,148.01,151.07,145.38,145.6,0.0
2025-04-07,141.55,152.85,140.53,146.75,0.0
2025-04-08,151.22,152.24,143.03,144.7,0.0
2025-04-09,144.42,159.55,143.91,158.71,0.0
2025-04-10,156.54,157.72,149.93,152.82,0.0
2025-04-11,152.9,157.67,152.82,157.14,0.0
2025-04-14,160.0,161.72,157.56,159.07,0.0
2025-04-15,159.13,159.65,155.21,156.31,0.0
2025-04-16,153.1,155.89,151.51,153.33,0.0
2025-04-17,154.29,154.68,148.5,151.16,0.0
2025-04-21,148.88,148.95,146.1,147.67,0.0
2025-04-22,148.89,152.19,148.54,151.47,0.0
2025-04-23,155.61,157.53,153.81,155.35,0.0
2025-04-24,156.15,159.59,155.79,159.28,0.0
2025-04-25,165.07,166.1,161.04,161.96,0.0
2025-04-28,162.43,163.15,158.6,160.61,0.0
2025-04-29,160.32,160.74,157.52,160.16,0.0
2025-04-30,157.98,159.27,155.4,158.8,0.0
2025-05-01,160.45,161.95,158.91,161.3,0.0
2025-05-02,163.41,164.97,161.87,164.03,0.0
2025-05-05,163.0,165.39,162.72,164.21,0.0
2025-05-06,162.17,164.8,161.19,163.23,0.0
2025-05-07,164.08,165.0,147.84,151.38,0.0
2025-05-08,155.0,155.93,152.9,154.28,0.0
2025-05-09,154.17,155.05,152.2,152.75,0.0
2025-05-12,157.49,159.1,156.25,158.46,0.0
2025-05-13,158.79,160.57,156.16,159.53,0.0
2025-05-14,159.96,167.0,159.61,165.37,0.0
2025-05-15,165.84,166.21,162.37,163.96,0.0
2025-05-16,167.73,169.35,165.62,166.19,0.0
2025-05-19,164.51,166.64,164.22,166.54,0.0
2025-05-20,166.43,168.5,162.9,163.98,0.0
2025-05-21,163.69,173.14,163.56,168.56,0.0
2025-05-22,171.85,176.77,170.71,170.87,0.0
2025-05-23,169.06,169.96,167.89,168.47,0.0
2025-05-27,170.16,173.17,170.0,172.9,0.0
2025-05-28,173.16,175.27,171.91,172.36,0.0
2025-05-29,174.0,174.42,170.63,171.86,0.0
2025-05-30,171.35,172.21,167.44,171.74,0.0
2025-06-02,167.84,169.87,167.39,169.03,0.0
2025-06-03,167.49,168.48,165.28,166.18,0.0
2025-06-04,166.74,168.22,166.36,168.05,0.0
2025-06-05,170.34,170.93,167.59,168.21,0.0
2025-06-06,170.83,174.5,170.83,173.68,0.0
2025-06-09,174.54,176.47,174.37,176.09,0.2000
2025-06-10,176.2,181.11,174.91,178.6,0.0
2025-06-11,179.77,180.37,176.75,177.35,0.0
2025-06-12,176.18,176.72,174.75,175.7,0.0
2025-06-13,172.44,177.13,172.39,174.67,0.0
2025-06-16,174.73,176.94,174.65,176.77,0.0
2025-06-17,175.7,177.36,174.58,175.95,0.0
2025-06-18,176.01,176.56,173.2,173.32,0.0
2025-06-20,173.95,174.34,165.46,166.64,0.0
2025-06-23,166.27,167.34,162.0,165.19,0.0
2025-06-24,166.92,168.22,166.13,166.77,0.0
2025-06-25,167.63,172.36,167.55,170.68,0.0
2025-06-26,172.43,173.69,169.94,173.54,0.0
2025-06-27,173.54,178.68,171.73,178.53,0.0
2025-06-30,180.78,181.23,174.58,176.23,0.0
2025-07-01,175.74,176.09,173.53,175.84,0.0
2025-07-02,175.54,178.86,175.07,178.64,0.0
2025-07-03,178.5,179.67,177.05,179.53,0.0
2025-07-07,179.06,179.3,175.68,176.79,0.0
2025-07-08,177.85,177.95,172.81,174.36,0.0
2025-07-09,175.25,179.44,172.77,176.62,0.0
2025-07-10,175.63,178.43,174.38,177.62,0.0
2025-07-11,176.79,181.43,176.48,180.19,0.0
2025-07-14,181.01,183.67,179.68,181.56,0.0
2025-07-15,182.81,184.22,181.6,182.0,0.0
2025-07-16,183.24,184.33,182.03,182.97,0.0
2025-07-17,182.14,184.06,180.48,183.58,0.0
2025-07-18,185.4,186.42,183.71,185.06,0.0
2025-07-21,186.25,190.29,186.15,190.1,0.0
2025-07-22,191.5,191.65,187.46,191.34,0.0
2025-07-23,191.5,192.53,189.18,190.23,0.0
2025-07-24,197.03,197.95,191.0,192.17,0.0
2025-07-25,191.98,194.33,191.26,193.18,0.0
2025-07-28,193.65,194.05,190.84,192.58,0.0
2025-07-29,192.43,195.92,192.08,195.75,0.0
2025-07-30,195.6,197.6,194.69,196.53,0.0
2025-07-31,195.71,195.99,191.09,191.9,0.0
2025-08-01,189.03,190.83,187.82,189.13,0.0
2025-08-04,190.29,195.27,190.12,195.04,0.0
2025-08-05,194.71,197.86,193.89,194.67,0.0
2025-08-06,194.5,196.63,193.67,196.09,0.0
2025-08-07,197.06,197.54,194.33,196.52,0.0
2025-08-08,197.22,202.61,197.17,201.42,0.0
2025-08-11,200.94,201.48,199.07,201.0,0.0
2025-08-12,201.37,204.5,200.59,203.34,0.0
2025-08-13,204.13,204.53,197.51,201.96,0.0
2025-08-14,201.5,204.44,201.23,202.94,0.0
2025-08-15,203.85,206.44,201.28,203.9,0.0
2025-08-18,204.2,205.27,202.49,203.5,0.0
2025-08-19,203.03,203.44,199.96,201.57,0.0
2025-08-20,200.73,201.28,196.6,199.32,0.0
2025-08-21,199.75,202.48,199.43,199.75,0.0
2025-08-22,202.73,208.54,201.3,206.09,0.0
2025-08-25,206.43,210.52,205.28,208.49,0.0
2025-08-26,207.51,207.85,205.7,207.14,0.0
2025-08-27,205.7,208.91,205.65,207.48,0.0
2025-08-28,207.25,212.22,206.9,211.64,0.0
2025-08-29,210.51,214.65,210.2,212.91,0.0
2025-09-02,208.44,211.68,206.2,211.35,0.0
2025-09-03,226.21,231.31,224.79,230.66,0.0
2025-09-04,229.65,232.37,226.11,232.3,0.0
2025-09-05,232.2,235.76,231.9,235.0,0.0
2025-09-08,235.47,238.13,233.67,234.04,0.2000
2025-09-09,234.17,240.47,233.23,239.63,0.0
2025-09-10,238.9,241.66,237.85,239.17,0.0
2025-09-11,239.88,242.25,236.25,240.37,0.0
2025-09-12,240.37,242.08,238.0,240.8,0.0
2025-09-15,244.66,252.41,244.66,251.61,0.0
2025-09-16,252.08,253.04,249.47,251.16,0.0
2025-09-17,251.22,251.6,246.28,249.53,0.0
2025-09-18,251.68,253.99,249.8,252.03,0.0
2025-09-19,253.25,256.0,251.81,254.72,0.0
2025-09-22,254.43,255.78,250.3,252.53,0.0
2025-09-23,253.04,254.36,250.48,251.66,0.0
2025-09-24,251.66,252.35,246.44,247.14,0.0
2025-09-25,244.4,246.49,240.74,245.79,0.0
2025-09-26,247.07,249.42,245.97,246.54,0.0
2025-09-29,247.85,251.15,242.77,244.05,0.0
2025-09-30,242.81,243.29,239.25,243.1,0.0
2025-10-01,240.75,246.3,238.61,244.9,0.0
2025-10-02,245.15,246.81,242.3,245.69,0.0
2025-10-03,244.49,246.3,241.66,245.35,0.0
2025-10-06,244.78,251.32,244.58,250.43,0.0
2025-10-07,248.27,250.44,245.52,245.76,0.0
2025-10-08,244.96,246.01,243.82,244.62,0.0
2025-10-09,244.47,244.76,239.15,241.53,0.0
2025-10-10,241.43,244.09,235.84,236.57,0.0
2025-10-13,240.21,244.5,239.71,244.15,0.0
2025-10-14,241.23,247.12,240.51,245.45,0.0
2025-10-15,247.25,252.11,245.99,251.03,0.0
2025-10-16,251.77,256.96,250.1,251.46,0.0
2025-10-17,250.76,254.22,247.81,253.3,0.0
2025-10-20,254.69,257.33,254.23,256.55,0.0
2025-10-21,254.74,254.88,244.15,250.46,0.0
2025-10-22,254.37,256.36,249.29,251.69,0.0
2025-10-23,252.98,255.04,251.85,253.08,0.0
2025-10-24,256.58,261.68,255.32,259.92,0.0
2025-10-27,264.82,270.14,264.28,269.27,0.0
2025-10-28,269.69,270.73,266.5,267.47,0.0
2025-10-29,267.75,275.34,267.67,274.57,0.0
2025-10-30,291.59,291.59,280.06,281.48,0.0
2025-10-31,283.21,286.0,277.03,281.19,0.0
2025-11-03,282.18,285.53,279.8,283.72,0.0
2025-11-04,276.75,281.27,276.26,277.54,0.0
2025-11-05,278.87,286.42,277.34,284.31,0.0
2025-11-06,285.33,288.35,281.14,284.75,0.0
2025-11-07,283.21,283.78,275.19,278.83,0.0
2025-11-10,284.42,290.8,282.86,290.1,0.0
2025-11-11,287.75,291.92,287.32,291.31,0.0
2025-11-12,291.68,292.01,283.69,286.71,0.0
2025-11-13,282.34,282.84,277.24,278.57,0.0
2025-11-14,271.41,278.56,270.7,276.41,0.0
2025-11-17,285.78,293.95,283.57,285.02,0.0
2025-11-18,287.92,288.8,278.2,284.28,0.0
2025-11-19,287.16,303.81,286.63,292.81,0.0
2025-11-20,304.54,306.42,288.67,289.45,0.0
2025-11-21,296.42,303.92,293.85,299.66,0.0
2025-11-24,311.13,319.48,309.6,318.58,0.0
2025-11-25,326.21,328.83,317.65,323.44,0.0
2025-11-26,320.68,324.5,316.79,319.95,0.0
2025-11-28,323.37,326.85,316.79,320.18,0.0
2025-12-01,317.7,319.85,313.89,314.89,0.0
2025-12-02,316.74,318.38,313.91,315.81,0.0
2025-12-03,315.89,321.58,314.1,319.63,0.0
2025-12-04,322.23,322.36,314.7,317.62,0.0
2025-12-05,319.49,323.16,319.17,321.27,0.0
2025-12-08,320.05,320.44,311.22,313.72,0.2000
2025-12-09,312.37,317.99,311.9,317.08,0.0
2025-12-10,315.83,321.31,314.68,320.21,0.0
2025-12-11,320.08,321.12,308.6,312.43,0.0
2025-12-12,313.7,314.87,305.56,309.29,0.0
2025-12-15,311.32,311.42,304.88,308.22,0.0
2025-12-16,304.95,310.77,302.59,306.57,0.0
2025-12-17,308.01,308.09,296.12,296.72,0.0
2025-12-18,301.72,303.96,299.23,302.46,0.0
2025-12-19,301.73,307.25,300.97,307.16,0.0
2025-12-22,309.88,310.13,305.3,309.78,0.0
2025-12-23,309.63,314.94,309.32,314.35,0.0
2025-12-24,314.77,315.08,311.92,314.09,0.0
2025-12-26,314.48,315.09,312.28,313.51,0.0
2025-12-29,311.37,314.02,310.62,313.56,0.0
2025-12-30,312.5,316.95,312.46,313.85,0.0
2025-12-31,312.85,314.58,311.44,313.0,0.0
2026-01-02,316.9,322.5,310.33,315.15,0.0
2026-01-05,317.66,319.02,314.63,316.54,0.0
2026-01-06,316.4,320.94,311.78,314.34,0.0
2026-01-07,314.36,326.15,314.19,321.98,0.0
2026-01-08,328.97,330.32,321.5,325.44,0.0
2026-01-09,327.09,330.83,325.8,328.57,0.0
2026-01-12,325.8,334.04,325.0,331.86,0.0
2026-01-13,334.95,340.49,333.62,335.97,0.0
2026-01-14,335.06,336.52,330.48,335.84,0.0
2026-01-15,337.65,337.69,330.74,332.78,0.0
2026-01-16,334.41,334.65,327.7,330.0,0.0
2026-01-20,320.87,327.73,320.43,322.0,0.0
2026-01-21,320.92,332.48,319.35,328.38,0.0
2026-01-22,334.45,335.15,328.75,330.54,0.0
2026-01-23,332.49,333.69,327.45,327.93,0.0
2026-01-26,327.81,335.84,327.0,333.26,0.0
2026-01-27,335.37,337.91,333.48,334.55,0.0
2026-01-28,336.06,337.54,331.94,336.01,0.0
2026-01-29,340.3,342.29,326.54,338.25,0.0
2026-01-30,340.0,340.0,332.29,338.0,0.0
2026-02-02,336.22,344.83,335.63,343.69,0.0
2026-02-03,347.34,349.0,337.47,339.71,0.0
2026-02-04,342.96,343.31,328.52,333.04,0.0
2026-02-05,312.22,332.69,306.46,331.25,0.0
2026-02-06,327.18,330.38,319.92,322.86,0.0
2026-02-09,320.93,327.7,317.26,324.32,0.0
2026-02-10,320.97,321.67,314.61,318.58,0.0
2026-02-11,318.97,321.06,309.66,310.96,0.0
2026-02-12,312.09,316.24,307.2,309.0,0.0
2026-02-13,307.73,308.63,303.71,305.72,0.0
2026-02-17,300.04,304.44,296.25,302.02,0.0
2026-02-18,302.09,305.38,301.25,303.33,0.0
2026-02-19,301.82,305.47,300.04,302.85,0.0
2026-02-20,304.32,316.5,303.9,314.98,0.0
2026-02-23,319.05,319.52,309.87,311.49,0.0
2026-02-24,310.52,312.27,305.93,310.9,0.0
2026-02-25,312.06,313.64,309.44,312.9,0.0
2026-02-26,312.64,313.14,302.35,307.38,0.0
2026-02-27,304.14,312.37,303.8,311.76,0.0
2026-03-02,303.23,308.49,301.3,306.52,0.0
2026-03-03,298.59,303.94,296.71,303.58,0.0
2026-03-04,302.89,305.47,300.75,303.13,0.0
2026-03-05,303.04,303.3,297.99,300.88,0.0
2026-03-06,296.09,300.53,295.18,298.52,0.0
2026-03-09,294.36,306.8,294.08,306.36,0.2000
2026-03-10,306.17,309.51,305.57,307.04,0.0
2026-03-11,306.75,311.42,305.92,308.7,0.0
2026-03-12,306.82,308.94,301.03,303.55,0.0
2026-03-13,307.01,307.69,300.44,302.28,0.0
2026-03-16,304.35,306.49,303.02,305.56,0.0
2026-03-17,305.86,311.42,305.5,310.92,0.0
2026-03-18,309.27,312.47,306.93,307.69,0.0
2026-03-19,304.01,308.06,302.35,307.13,0.0
2026-03-20,305.46,306.0,298.27,301.0,0.0
2026-03-23,302.11,305.98,300.93,302.06,0.0
2026-03-24,299.2,299.92,290.33,290.44,0.0
2026-03-25,293.44,296.0,289.24,290.93,0.0
2026-03-26,287.91,287.95,278.5,280.92,0.0
2026-03-27,277.28,279.37,273.95,274.34,0.0
2026-03-30,276.42,277.09,272.11,273.5,0.0
2026-03-31,278.04,288.08,277.09,287.56,0.0
2026-04-01,290.84,300.52,290.41,297.39,0.0
2026-04-02,290.69,298.08,289.45,295.77,0.0
2026-04-06,295.87,300.62,295.18,299.99,0.0
2026-04-07,302.73,305.63,297.72,305.46,0.0
2026-04-08,320.45,322.08,315.02,317.32,0.0
2026-04-09,315.91,319.54,311.06,318.49,0.0
2026-04-10,320.02,321.83,316.32,317.24,0.0
2026-04-13,317.14,321.63,315.47,321.31,0.0
2026-04-14,324.79,333.29,323.75,332.91,0.0
2026-04-15,332.89,337.48,330.9,337.12,0.0
2026-04-16,338.75,339.88,334.52,336.02,0.0
2026-04-17,337.65,342.32,336.24,341.68,0.0
2026-04-20,340.76,341.4,336.61,337.42,0.0
2026-04-21,337.69,339.34,331.35,332.29,0.0
2026-04-22,337.02,339.82,335.17,339.32,0.0
2026-04-23,341.18,341.96,336.18,338.89,0.0
2026-04-24,338.73,345.27,335.39,344.4,0.0
2026-04-27,345.98,353.18,342.73,350.34,0.0
2026-04-28,348.55,352.42,346.12,349.78,0.0
2026-04-29,347.57,355.79,344.21,349.94,0.0
2026-04-30,374.07,385.84,365.82,384.8,0.0
2026-05-01,381.63,386.76,379.05,385.69,0.0
2026-05-04,385.63,387.38,379.79,383.25,0.0
2026-05-05,386.23,392.82,384.02,388.43,0.0
2026-05-06,394.25,399.85,392.76,398.04,0.0
2026-05-07,399.92,400.1,392.68,397.99,0.0
2026-05-08,397.0,402.0,396.36,400.8,0.0
2026-05-11,393.65,397.44,388.47,388.64,0.0
2026-05-12,387.34,388.52,382.77,387.35,0.0
2026-05-13,385.6,403.7,385.0,402.62,0.0
2026-05-14,397.28,402.93,395.84,401.07,0.0
2026-05-15,396.32,399.54,393.18,396.78,0.0
2026-05-18,395.69,408.61,394.53,396.94,0.0
2026-05-19,396.96,397.15,386.11,387.66,0.0
2026-05-20,387.7,393.86,382.9,388.91,0.0
2026-05-21,385.7,392.5,383.02,387.66,0.0
2026-05-22,387.35,388.74,381.77,382.97,0.0
2026-05-26,384.51,389.26,382.6,388.88,0.0
2026-05-27,386.67,393.88,385.9,388.83,0.0
2026-05-28,388.0,391.87,385.16,390.13,0.0
2026-05-29,385.24,385.24,378.46,380.34,0.0
2026-06-01,376.52,378.56,373.52,376.37,0.0
2026-06-02,366.59,373.54,358.44,361.85,0.0
2026-06-03,362.03,366.45,358.08,358.99,0.0
2026-06-04,358.9,373.25,358.21,372.19,0.0
2026-06-05,366.34,372.08,364.12,368.53,0.0
2026-06-08,365.18,366.2,360.53,363.31,0.2000
2026-06-09,367.09,372.08,357.3,364.26,0.0
2026-06-10,363.19,368.56,355.2,356.38,0.0
2026-06-11,355.93,358.8,346.36,357.77,0.0
2026-06-12,362.62,366.57,354.94,359.68,0.0
2026-06-15,367.93,372.99,366.55,369.35,0.0
2026-06-16,369.6,376.0,367.06,373.25,0.0
2026-06-17,369.13,372.33,362.02,363.79,0.0
2026-06-18,365.75,369.48,358.67,368.03,0.0
2026-06-22,357.95,358.92,341.72,349.68,0.0
2026-06-23,340.69,349.29,340.2,346.13,0.0
2026-06-24,349.04,353.48,341.93,345.29,0.0
2026-06-25,336.73,345.57,335.84,343.71,0.0
2026-06-26,342.55,346.36,330.2,337.39,0.0
2026-06-29,341.83,354.35,340.67,353.65,0.0
2026-06-30,353.87,358.62,350.4,357.37,0.0
2026-07-01,358.37,362.97,356.43,361.21,0.0
2026-07-02,359.48,364.21,353.42,359.91,0.0
2026-07-06,361.55,367.93,357.38,366.46,0.0
2026-07-07,369.07,373.16,365.5,367.03,0.0
2026-07-08,364.76,367.84,358.02,361.92,0.0
2026-07-09,354.31,359.65,351.08,358.89,0.0
2026-07-10,357.53,357.82,352.75,357.18,0.0
2026-07-13,356.19,358.13,351.75,352.51,0.0
2026-07-14,351.2,360.16,351.09,359.51,0.0
2026-07-15,357.97,373.65,357.76,370.92,0.0
2026-07-16,373.06,375.27,352.3,354.46,0.0
2026-07-17,346.0,348.52,341.36,346.77,0.0
2026-07-20,350.88,359.68,350.52,351.99,0.0
2026-07-21,351.32,351.32,347.0,347.15,0.0
2026-07-22,348.16,349.94,341.73,342.09,0.0
2026-07-23,321.13,324.49,314.9,317.69,0.0
2026-07-24,318.42,324.18,317.32,319.74,0.0
